"method","lambda_hat","lambda_lwr","lambda_upr","iter"
"EM",0.0076816899717938,0.00645982090237363,0.00913467443053646,1
"Closed-form MLE",0.0076816899717938,NA,NA,NA
"AFT (survreg)",0.00768168997179379,0.00645982090237363,0.00913467443053646,NA
